morphology_class,count,percentage
ameboid,70,19.12568306010929
rod,186,50.81967213114754
ramified,18,4.918032786885246
hyperramified,72,19.672131147540984
artifact,20,5.46448087431694
